feature,importance
has_comment,0.04675863677732115
 ',0.0355989047401358
s' ,0.034653184511052204
--,0.03055749087297376
count_--,0.027647685171843753
' ,0.02569790674150156
-- ,0.02383161200678499
s',0.023296954346324613
-,0.023280848532383977
 's,0.019077285532823517
- ,0.018305377409071146
#,0.016781562120879428
 n ,0.015991383399757732
',0.015785966970555346
's,0.014497213965389926
# ,0.013344076524977433
's',0.013321242148552547
id ,0.013286524021146653
count_#,0.012754050106008101
 --,0.012404610877348694
m ,0.012349028357715446
ec,0.012207936463114376
single_quote_count,0.011989435168711888
 se,0.011806077190058557
 #,0.011499572838519736
fro,0.011299590628910396
 id,0.011219920669317303
word_count,0.01081682987124352
 # ,0.010085109926237755
le,0.010015957626097088
l ,0.009912172031384224
sel,0.00888967023585501
om,0.008758533564052264
rom,0.008601282626364316
 -,0.008401566519523873
has_order_by,0.00830285155425609
y ,0.008228818293267768
ere,0.008060540795767188
f,0.007633758189092566
count_',0.007627350783231831
her,0.007493009267276117
 i,0.007168986954583043
ct ,0.006875423067426018
er ,0.00680988777505034
ele,0.006768711307316789
ll ,0.006458851964362432
wh,0.006335876409786044
ro,0.006211218507807379
lec,0.006183659375612422
 by,0.006161603333430347
(,0.006066443596050641
el,0.006032606708753988
),0.005815350471652321
by,0.0056341399983895445
_,0.005394460047558848
ect,0.005216443813932206
 w,0.004999478656440736
fr,0.004710058219609093
 n,0.004640959388554821
by ,0.004464525763677136
has_where,0.004348430798390656
om ,0.004324326501454093
re ,0.004086113541944573
has_select,0.003911474894300941
 f,0.003750317255667623
 ,0.003693523894311613
 wh,0.003672066990921714
h,0.0035726886354152344
e ,0.0035668185193474984
 ex,0.0034785729380619225
) ,0.0032890528279039123
 fr,0.0030928317939769717
n),0.0030247396390285283
= ,0.002933861650966976
n ,0.0029308944522315307
et ,0.002904179825737445
(',0.002890927317080139
query_length,0.0028777895831801708
('s,0.002770435684400334
set,0.002712729676033405
') ,0.002702003196680587
id,0.002693381558044229
ct,0.0026833024210466284
re,0.0026625786873607964
na,0.0024989100985382874
_id,0.0024393789713392177
ame,0.002339748742857318
(n,0.00228509553840012
der,0.002197929490618284
b,0.0021573635272256714
'),0.0020544022253146522
am,0.0020503749353618984
nu,0.0020248686091307653
_i,0.0020062643041760223
whe,0.0019895000220444266
has_sleep,0.0019418645296681786
count_=,0.0018961100049084728
 nu,0.001843044618932867
d ,0.0017911839652202945
s'),0.0017621229582603759
r_,0.0017384514450975563
er,0.001705061139854953
<,0.0017042999372920203
er_,0.0016330566911655897
>,0.0015928467538942925
n=,0.0015657559330811757
 pr,0.0015351057432495807
nam,0.0015165848674926652
(n),0.0014559864691113685
n=n,0.0014292874393638025
 n=,0.0014269143326274048
me ,0.0014233843695466322
u,0.0014188758251134832
 <,0.0014182939071884517
n,0.0014031502891672675
d,0.0013878669766474293
w,0.0013573628591167467
ul,0.0012909580165026396
 na,0.0012837064531935622
=,0.001275395671048275
ec(,0.001270221299041595
ex,0.0012656550474386013
nul,0.0012622366862234174
he,0.0012210039098873168
t,0.0012081719659403347
te,0.001207718756647336
ate,0.0011808643676511279
ll,0.0011549841861145682
ull,0.0011547140098171248
se,0.0011239965023450524
een,0.0011197488710251568
m,0.0010901309699333345
o,0.0010793367854063276
at,0.0010783513435553979
=n,0.001070867280337373
pr,0.0010701611933224982
count_<,0.0010547382947730182
fo,0.0010391590694571356
at ,0.0010334093808425156
 b,0.0010053691246961793
a,0.0009628138926595712
exe,0.0009560754035017431
_at,0.0009499274931757426
y,0.0009478647160285104
=n ,0.0009221682279893139
sle,0.0008904761813510321
for,0.0008640508133789518
=',0.0008558423272190526
 (,0.0008419915913204615
ete,0.0008178428839756264
unbalanced_quotes,0.0007973277430959116
 s,0.0007812601793638251
p(n,0.0007797853368269409
rd,0.0007739409908012792
c(,0.0007683348432181981
la,0.0007632411912240576
nse,0.0007561214216534255
r ,0.0007487596183368263
rde,0.0007403642201097166
pd,0.0007321598111157386
ea,0.000726704205425137
ema,0.000724166348510666
r_i,0.0007089206487245768
d_a,0.0007019730669000015
ern,0.0006969937951102406
(s,0.0006942915790936431
n-,0.0006805624180153895
 e,0.0006639314766529596
(se,0.0006553043486785355
ted,0.0006426540705162739
ca,0.0006424755885644619
ri,0.0006326117019710253
i,0.0006316145089822005
p,0.0006315023648747744
xe,0.0006115913007213056
 n#,0.0005901389311910465
eep,0.0005898094975586838
ta,0.0005787114389297756
 = ,0.0005527797772955212
ord,0.0005508335257241744
 >,0.0005488506617649897
tu,0.0005430787704477614
count_>,0.000542004612714645
wee,0.000528394320719875
ec ,0.0005166439814688152
te ,0.0005116532905568143
ai,0.0005006836390579693
r,0.0004977683316342088
p(,0.00046759626140181727
'--,0.0004670859850047155
n--,0.0004583651682511261
tf,0.00045826748602721576
ic,0.00045725802444577255
lay,0.00045550225584169477
", ",0.0004503737784766791
and_count,0.0004457041751213094
 st,0.00044516249767704576
in ,0.0004322332630392445
ice,0.0004305367345854584
='s,0.0004241548657618811
il,0.0004236214428212201
il ,0.0004197088341420812
pda,0.0004151369757346528
let,0.0004133109127574902
ail,0.000412111171720848
sta,0.00040651993732595247
cre,0.0004054260490608705
s ,0.00040268140141736414
duc,0.0003954903223009343
ep,0.00038612430911706756
xec,0.00038556994392043026
n# ,0.0003777134121049509
",",0.0003648961285263045
has_exec,0.00036486571745156265
ins,0.0003555710811445665
 be,0.0003543555590034065
pro,0.00035234975056118944
count_;,0.00035178504826576673
od,0.0003504245669553085
we,0.0003482704840276776
has_delete,0.00034712956661464914
rna,0.0003429240072792135
be,0.00033532170330356943
c ,0.0003326574260552822
upd,0.0003316074269616251
c,0.00033119121660294814
uct,0.00032856764367113515
rn,0.00032579073498633553
has_waitfor,0.00031979129666316765
tw,0.00031272888578394784
ch,0.0003098352868945856
du,0.0003077241723100521
tfo,0.0003077038679868385
'n,0.00029931990496600685
eat,0.0002979817400191266
it,0.0002955118664926641
d_,0.0002900167642376859
etw,0.0002892163476657306
'=',0.0002890551873763655
"d, ",0.0002883281791647297
t_,0.00028759053865310476
*,0.00027853868715416034
 d,0.00027702835802195227
ad,0.00027538272530292613
_a,0.0002746384609724276
>=,0.00027267777492980097
ot ,0.00027142892627978756
s,0.0002635194675712437
up,0.00026145608031953653
st,0.0002600253245867477
dat,0.00025950210118135886
et,0.00025754575562413187
rt,0.00025683196554507755
wai,0.0002538812670946758
;wa,0.00025280842969699043
us ,0.00025163649276025904
odu,0.0002511940279787075
twe,0.00024803554817531034
 de,0.00024514593232969457
 or,0.00024352286261203457
and,0.00024352269204079238
nd,0.00023619220490622765
ni,0.0002338889594658036
> ,0.000230978252219821
 (s,0.00023057092319335272
e_,0.00022823931447046294
or,0.00022540231859292242
ric,0.0002204315714186251
 =,0.00021987777056624476
 sl,0.00021697520935230245
 c,0.00021603699037694762
)# ,0.00021510705453476952
nd ,0.00021431718370476454
 em,0.00021161308230632412
t_i,0.00021153811001910807
sl,0.00020383578695536502
< ,0.0002019534649294687
e,0.00020034706142749379
mai,0.00019831106130385618
>= ,0.00019563241018821467
bet,0.00019562372982435882
"d,",0.00019287818964316004
ike,0.0001926807554586235
l,0.0001910806947180161
ay ,0.00018853447428480844
 up,0.00018760678894463783
 wa,0.00018687167423075434
wa,0.00018457919014077474
s'n,0.0001845788040214424
ct_,0.00018243716638613645
 li,0.00018200319852976232
c(',0.00017936165733109977
me=,0.00017888299707171043
has_union,0.0001762171289927475
sc,0.00017575778299603923
ik,0.00017504489526432823
ke,0.00017445266128474548
 in,0.00017346651316706613
 n-,0.0001707540532972817
ed_,0.00016936028675911943
k(n,0.00016850582474587026
ma,0.00016840105161670168
_pr,0.00016700863126652233
s'=,0.00016470136931178038
"t,",0.0001644423819069899
ng ,0.0001612190516878387
"ll,",0.0001607451605563408
mit,0.00016025800420865
ela,0.0001545782157062376
!=,0.00015099835687299763
n) ,0.00014811019044032062
uc,0.0001460287613561203
lee,0.00014506298465629379
"""",0.0001434205871119155
rt ,0.0001387767318008256
ert,0.00013518238156764938
or ,0.00013407283342907353
itf,0.00013204359536503595
"id,",0.0001313820641402027
 r,0.00012700805231051116
n',0.00012358037256597786
em,0.0001231784800230468
rea,0.00012315327539254962
'-,0.00012195869455168694
 > ,0.00012103031307440699
on,0.00012087945032101146
use,0.00011947806893592152
en ,0.00011883251983398811
 an,0.00011754430175037891
has_delay,0.00011462811418170898
tat,0.00011455948446354011
double_quote_count,0.00011173950661593355
:,0.00011139173353340123
n#,0.0001110254699331026
=n#,0.00011061786942690318
roc,0.00011051166981198906
 <=,0.00010950591212527481
rod,0.0001090832527601419
 o,0.00010845818893416956
ke ,0.00010829759293834301
count_&&,0.00010714416668242713
de,0.00010651814691225806
pri,0.00010615662690208041
ce,0.00010582796736105145
'=,0.00010487138667508253
<=,0.0001028519909245241
dur,0.0001025010998151526
cal,0.00010148195903944148
"l, ",0.00010094225730745294
'# ,0.0001008226706153746
 *,9.987159428393419e-05
imi,9.66551836471391e-05
ark,9.644428546900838e-05
ce ,9.454452917679854e-05
t ,9.307281752377061e-05
"l,",9.275534339493646e-05
"count_""",9.249725352764973e-05
tus,9.119093795137817e-05
li,8.724647049922367e-05
ur,8.598289010797544e-05
ed,8.524616283420438e-05
 >=,8.361357511268157e-05
vin,8.296996654416049e-05
has_update,8.215136296049993e-05
(n=,8.15987819792297e-05
/n),7.901097762918662e-05
 u,7.899804306242211e-05
da,7.774562947708329e-05
re(,7.521410934333392e-05
b(,7.446401779049393e-05
rk,7.41122917054905e-05
 va,7.367834590335984e-05
'n:,7.341411976115036e-05
lik,7.0989066091127e-05
ob,7.0485457806582e-05
ob(,6.830859599483634e-05
ait,6.826211112820864e-05
_p,6.824011818973968e-05
mbl,6.796892465845688e-05
ben,6.737569155634767e-05
on ,6.732928722355102e-05
s_p,6.69565861808153e-05
 < ,6.693999143927236e-05
 (',6.558285918645856e-05
acc,6.525055162034082e-05
dom,6.497162148445083e-05
/,6.471303158786675e-05
en,6.309144032997444e-05
"t, ",6.142512021431042e-05
 (n,6.098942801959643e-05
_s,6.089397731892204e-05
 ra,6.0535909147611275e-05
ep(,6.050901363806902e-05
bl,6.0403598886728476e-05
 !,5.935854492891192e-05
 us,5.794489856952002e-05
in,5.766155226433471e-05
 %',5.7182857292139454e-05
ar,5.689433809415276e-05
'n ,5.6441921979157256e-05
)--,5.5458370307036686e-05
ues,5.538941497465124e-05
oce,5.501870050719945e-05
ia,5.4881789257453865e-05
 no,5.481541277977185e-05
lu,5.3775696068536285e-05
'p,5.207805589030017e-05
 !=,5.161943646066987e-05
er(,5.134436931230448e-05
)) ,5.1279508114236546e-05
rk(,5.079795918352052e-05
g_,5.020617050018006e-05
s'-,5.0054471450545885e-05
max,4.92691968788838e-05
all,4.8689095612578856e-05
b(n,4.854019465660278e-05
av,4.852100011933673e-05
e=,4.8207752499132296e-05
 (i,4.8089073044639124e-05
k,4.6881665872757236e-05
e(,4.584981833055909e-05
rma,4.5749799551933585e-05
 ma,4.44593401668187e-05
sts,4.419532312464514e-05
has_having,4.369701594224059e-05
nio,4.319375937601832e-05
avi,4.3038308195613734e-05
ng,4.284385603297215e-05
g ,4.205141494754769e-05
cr,4.2007961743177975e-05
omb,4.1877826026170864e-05
ha,4.0787601314088075e-05
ou,4.007848088183181e-05
in(,3.985929166379673e-05
 ha,3.9091105116172726e-05
 p,3.8708788348571376e-05
'%,3.827856052000769e-05
swo,3.823016017039417e-05
n)),3.822389801038835e-05
hm,3.719867868564645e-05
us,3.651603620030024e-05
--),3.632767975767425e-05
py,3.60597361286688e-05
edu,3.4543236259811246e-05
!,3.432457672849466e-05
su,3.394020814000621e-05
"n,m",3.3691230575150546e-05
n)=,3.350246041068213e-05
)),3.3372638717729475e-05
me,3.321442577200946e-05
an,3.295881145258479e-05
chm,3.281349164421682e-05
ssi,3.2725207985513404e-05
_n,3.26342012701472e-05
hav,3.225159995330127e-05
" """,3.205568906057767e-05
it ,3.203407675687215e-05
 n),3.202377880338652e-05
:n:,3.121186123954592e-05
""";",3.0766050681057045e-05
in',3.049496523818895e-05
ure,3.0353257072253684e-05
ee,3.0325415930688988e-05
\,3.0169726733325802e-05
wo,3.011999399753669e-05
atu,2.9807160202420317e-05
yt,2.9414469751669194e-05
ing,2.930433583426453e-05
=' ,2.9301589333226743e-05
 ad,2.862389772232257e-05
<= ,2.804964316734527e-05
=n),2.8021181691914913e-05
",n,",2.754695910488234e-05
d5,2.745191555425182e-05
a.,2.739580887866556e-05
che,2.733070944789679e-05
d',2.7048736913751512e-05
(o,2.695085758570859e-05
ay,2.6727659917359473e-05
pit,2.661569083723204e-05
(n/,2.6484004859801288e-05
on_,2.629573133088292e-05
n/n,2.615292805249832e-05
%'s,2.5588205851428025e-05
" "" ",2.521821209923471e-05
 a,2.4926581399399485e-05
'%',2.4778826666853266e-05
 h,2.477516388614278e-05
'py,2.363993777481892e-05
r(,2.363321714237237e-05
no,2.298431387532915e-05
ass,2.2707424703787544e-05
!= ,2.2531027927556713e-05
nt,2.2454333968705184e-05
del,2.2008673318224177e-05
""")",2.1801703154472877e-05
or_count,2.177295975898527e-05
pyt,2.1701753767491208e-05
sw,2.1516136019910215e-05
5,2.1360376610245806e-05
 cr,2.1346437306814782e-05
min,2.086843890847702e-05
(*),2.0582963126537417e-05
pas,2.0541340292980032e-05
"e,",2.04141718511254e-05
aym,2.034900389680743e-05
unt,2.0014074277489675e-05
 is,1.9759967471399114e-05
ts,1.9652064143213857e-05
* ,1.9633816127675037e-05
ra,1.96299163181166e-05
has_create,1.93868931963678e-05
ns,1.933847356733408e-05
ess,1.9065210743677332e-05
cco,1.901479236608557e-05
_ma,1.894963294193714e-05
ial,1.8902309054799374e-05
n/,1.8507389732664734e-05
/n,1.8459691097465128e-05
kl,1.8190036992698544e-05
mb,1.8128727092025043e-05
(sl,1.8031510562522887e-05
t(*,1.736116325782484e-05
n_s,1.7340025780644136e-05
%',1.7285382690815748e-05
not,1.7209148457912065e-05
md5,1.6836461608356058e-05
e) ,1.676450988448715e-05
 pg,1.6736895115675056e-05
 * ,1.6565946233206377e-05
n)#,1.6476814411974355e-05
)#,1.6225245105879923e-05
ct(,1.616094738937813e-05
%,1.5979054379879266e-05
ndo,1.583376425597675e-05
x(p,1.5633134618368967e-05
has_insert,1.5458030332439367e-05
i ,1.5226252067301058e-05
(an,1.5199516137638972e-05
&&s,1.508427868914085e-05
'pk,1.480803375332373e-05
ser,1.4731598155562841e-05
"e, ",1.4587169614588933e-05
pa,1.4266738646880043e-05
ced,1.4075286496995293e-05
has_benchmark,1.4017482766534722e-05
 );,1.389752667005405e-05
ssw,1.3862161639234204e-05
nc,1.3756828505021243e-05
 pa,1.374345737952421e-05
ion,1.3711418152579126e-05
xi,1.3648137971790413e-05
ts ,1.3552715929270659e-05
ede,1.3537988933899473e-05
wor,1.342738633334052e-05
"n,",1.3154082523934987e-05
 v,1.3118903850589343e-05
 m,1.3094711238520456e-05
si,1.2892600207675037e-05
"at,",1.2810526653987491e-05
v,1.2759853393016734e-05
enc,1.2670247229461474e-05
n(c,1.2485550837436688e-05
ym,1.2335275298416535e-05
"n,n",1.1860506403508909e-05
ti ,1.1812647715358343e-05
do,1.1637022663732347e-05
(*,1.1225251426232739e-05
not_count,1.120148977767559e-05
ot,1.1103335809044179e-05
 %,1.085621971390483e-05
ap,1.084822923807074e-05
s'%,1.082965728942145e-05
nj,1.0813020927003782e-05
rds,1.0548007837267095e-05
bst,1.0418632042743849e-05
(pr,1.0403219538288043e-05
()),9.91820898663782e-06
io,9.903307045559512e-06
ran,9.700446833396527e-06
lit,9.66769372442013e-06
tr,9.646481431603834e-06
#) ,9.547295223672915e-06
vi,9.491918460881481e-06
klz,9.46935395184614e-06
nts,8.886285636929358e-06
tra,8.739787064592544e-06
ans,8.648860778137542e-06
5(n,8.632989180483224e-06
ver,8.631124618160357e-06
es,8.61294155206725e-06
inj,8.575629157912267e-06
g,8.540237931429448e-06
 + ,8.42798162519462e-06
ce),8.306809700613906e-06
je,8.245915949431502e-06
to,8.216681066887051e-06
ss,8.197298065964554e-06
ons,8.065005201322613e-06
ye,8.016350706544506e-06
is,7.980626488658227e-06
"n, ",7.958403524303582e-06
nti,7.956258549562e-06
mar,7.92324870384133e-06
sio,7.769398962783198e-06
tia,7.685505660103157e-06
:n',7.64097196066812e-06
tx,7.600594657774138e-06
ty ,7.593238659631178e-06
ub,7.575321545769873e-06
'#,7.478782393896265e-06
tri,7.446581753277345e-06
un,7.4453808003695195e-06
rs,7.366340068408373e-06
*),7.152027957059686e-06
(id,7.137373998153502e-06
ty,7.050280638200373e-06
as,6.973880845795933e-06
",m",6.593477018455913e-06
);,6.543686491832689e-06
""" ",6.521925308655316e-06
nd(,6.472596279753426e-06
im,6.404819639770388e-06
api,6.392112176417646e-06
&&,6.3698459633631395e-06
ti,6.242595946247961e-06
pay,6.230050968789082e-06
"\"" ",6.2056575705316925e-06
ds,5.928902938379567e-06
ses,5.857851061124596e-06
g_s,5.693476150102842e-06
cti,5.523362890306807e-06
men,5.51254415095164e-06
ecm,5.42802656433643e-06
pkl,5.424743065478258e-06
lim,5.422365474709725e-06
exi,5.360931400381265e-06
5(,5.359352617266531e-06
d(n,5.240027802233916e-06
mat,5.201996638792006e-06
bas,5.190608477129631e-06
"ce,",5.112869651776799e-06
t),5.084620706484938e-06
d(,5.068574774508387e-06
 lo,4.9893616283085955e-06
sa,4.977875582548672e-06
lob,4.95405577362498e-06
al,4.8687764776667394e-06
 ca,4.809019936315927e-06
*) ,4.808380878014801e-06
cc,4.782516373424484e-06
mi,4.779185466509557e-06
ds ,4.726563167435903e-06
adm,4.7225677247599534e-06
(c,4.706901072286857e-06
)+',4.648919735458684e-06
ac,4.5534069573206876e-06
ns ,4.478738450907603e-06
cou,4.3580438528014735e-06
tab,4.348954963565666e-06
yty,4.345284947340266e-06
:n,4.3452355186828905e-06
va,4.342053828443472e-06
mys,4.315887795856215e-06
='p,4.285254756075484e-06
ubs,4.280998707222485e-06
"(n,",4.269079354078677e-06
oy,4.216702492336887e-06
))+,4.1970244556270976e-06
e),4.086152335126143e-06
lo,3.986917214806757e-06
at),3.951526445626214e-06
sac,3.889152008485829e-06
act,3.8868754661690345e-06
uni,3.82546041466583e-06
d5(,3.510104957969291e-06
 l,3.425033229631192e-06
x(,3.3258864025149264e-06
x,3.3140913575966043e-06
s=',3.279083533247231e-06
n(),3.2668685159467578e-06
bs,3.2584208355792785e-06
t(s,3.2396087573079987e-06
_sl,3.211304983343133e-06
(cr,3.161083423021955e-06
co,3.1280565975875204e-06
ers,3.0960573477861125e-06
)=,3.067057349822079e-06
s'#,2.8901970955225507e-06
 t,2.835875634957613e-06
=x,2.8338233226207883e-06
ax(,2.7616232139642227e-06
j,2.7439004801381694e-06
mp,2.517563777917959e-06
t) ,2.4890172367606573e-06
den,2.473032472261307e-06
pl,2.4684261156845804e-06
n:,2.464188327526372e-06
emp,2.442062896156842e-06
a.t,2.236940301718906e-06
oc,2.22666389296068e-06
dmi,2.1888702105437397e-06
nto,2.1857205920436153e-06
x ,2.170895030269812e-06
me),2.158853212884455e-06
pi,2.1536622043655078e-06
oun,2.0393745876623782e-06
tio,1.9945752410974937e-06
ent,1.9054568275424956e-06
nsa,1.8612871585268372e-06
(or,1.8035030255801786e-06
is ,1.5384149668534302e-06
e(l,1.5247744309439877e-06
_sc,1.3917574203450387e-06
rs ,1.387199555681995e-06
als,1.3214655281658203e-06
dm,1.3205828718839097e-06
yme,1.3024286354339746e-06
es ,1.2838172439987159e-06
 co,1.2466782806260626e-06
 mi,1.244570771891466e-06
yee,1.2171026591778358e-06
(p,1.1974742776007733e-06
ees,1.18909357166442e-06
ls,1.1826386797708234e-06
pk,1.1678105051853096e-06
fse,1.1433605991252396e-06
plo,1.1093754851013244e-06
gin,9.587885389855637e-07
og,9.266231890797654e-07
ogi,8.678703271117791e-07
s),8.536982851276261e-07
 tr,7.9295904954796e-07
gi,7.784030976635279e-07
red,6.226731340799043e-07
ls ,5.926514351498494e-07
loy,4.7402655721133776e-07
oye,2.5829504417003583e-07
xcj,2.4220628665570565e-07
log,1.8860965752937706e-07
 ac,4.626022400777289e-08
s'a,9.867948337760346e-12
s--,2.716549314917443e-16
ir,1.269300598666219e-16
nt(,1.2299866695832155e-16
adi,6.823246483794517e-17
er),6.170646497009736e-17
616,5.802605319742828e-17
 (x,4.174201976886349e-17
))n,3.765127635601638e-17
n(,2.1328331147471518e-17
jl-,2.1322574449969402e-17
mpl,1.813171288543301e-17
d12,1.674187827376819e-17
t(,1.6112899178110345e-17
pp,8.101837054377666e-18
rsi,6.815781035348441e-18
rs-,6.638263650540563e-18
)-,6.375348958340702e-18
 sq,6.33516590331105e-18
x# ,5.978355344044288e-18
x=,4.5039025545665e-18
"d),",3.9471275839700025e-18
r=',3.632470844638961e-18
@ho,3.439196799311292e-18
)n,2.5478008308699625e-18
of,2.4644696649920908e-18
s'&,1.9852791533200257e-18
s'm,1.9741043342811507e-18
oto,1.7057239543377093e-18
"a,",1.117998457651943e-18
g((,9.854714582725314e-19
akl,9.742333897380095e-19
 &&,8.770276754975804e-19
'gu,5.372083669349729e-19
+' ,5.189133227712562e-19
ue,5.065152723185686e-19
pe=,4.5480029525052865e-19
ql',4.473116270376303e-19
hma,3.6770622281879074e-19
x2,2.628964588139669e-19
z,1.7382178383487373e-19
/e,1.6973924938065009e-19
'/,1.322861268113224e-19
ati,3.585759862701101e-20
(le,3.086546492768746e-20
gu,2.7920113413131534e-20
abl,2.2999945903530274e-20
e=',1.9119428202768472e-20
'n=,1.7003098371523472e-20
 (c,6.711615588242413e-21
th,3.874512562315787e-21
les,1.9396391601401244e-21
nce,0.0
mas,0.0
on(,0.0
nod,0.0
n_,0.0
ns_,0.0
"me,",0.0
md,0.0
ma_,0.0
mac,0.0
nq,0.0
n_c,0.0
nje,0.0
nct,0.0
n_u,0.0
nqi,0.0
me_,0.0
ng(,0.0
man,0.0
omp,0.0
n_p,0.0
nn,0.0
nch,0.0
nca,0.0
nno,0.0
"on,",0.0
n_n,0.0
n'-,0.0
n=l,0.0
n:n,0.0
myd,0.0
nd),0.0
n)/,0.0
n)-,0.0
oc),0.0
n)&,0.0
olu,0.0
ol_,0.0
ock,0.0
 @@,0.0
oco,0.0
ol,0.0
og_,0.0
odb,0.0
"og,",0.0
"ne,",0.0
 @,0.0
ode,0.0
ngt,0.0
ne,0.0
off,0.0
n's,0.0
n#),0.0
my,0.0
 ;w,0.0
nfo,0.0
mn,0.0
"nt,",0.0
nt_,0.0
mj,0.0
mj),0.0
omm,0.0
n.n,0.0
mm,0.0
ner,0.0
n'),0.0
mme,0.0
mn_,0.0
mpi,0.0
mns,0.0
mo,0.0
n.,0.0
mod,0.0
o ,0.0
 ;,0.0
mpd,0.0
oa,0.0
"n,s",0.0
oad,0.0
nf,0.0
ren,0.0
onc,0.0
um,0.0
us=,0.0
urr,0.0
upp,0.0
up_,0.0
unc,0.0
umn,0.0
 (l,0.0
one,0.0
ual,0.0
ua,0.0
typ,0.0
ty',0.0
txw,0.0
tx ,0.0
"v,",0.0
"v, ",0.0
v-,0.0
v--,0.0
val,0.0
var,0.0
ve,0.0
vr,0.0
vrx,0.0
 (e,0.0
w ,0.0
w',0.0
w'),0.0
w's,0.0
wap,0.0
wd,0.0
wd',0.0
tw',0.0
tw ,0.0
ts_,0.0
tad,0.0
ste,0.0
stn,0.0
str,0.0
sub,0.0
swd,0.0
sy,0.0
sys,0.0
t',0.0
t's,0.0
t(u,0.0
t1,0.0
t12,0.0
t_u,0.0
ta-,0.0
tc,0.0
ts(,0.0
tc/,0.0
te_,0.0
tem,0.0
ter,0.0
th(,0.0
the,0.0
ti),0.0
tim,0.0
tm,0.0
tmp,0.0
tn,0.0
tna,0.0
to ,0.0
toc,0.0
 (a,0.0
ws,0.0
ws',0.0
 '\,0.0
yj,0.0
yjo,0.0
yp,0.0
ype,0.0
ys,0.0
ysq,0.0
yst,0.0
ytw,0.0
z ,0.0
z',0.0
z'),0.0
z's,0.0
zo,0.0
zon,0.0
 '),0.0
yd,0.0
 ' ,0.0
has_drop,0.0
has_alter,0.0
has_execute,0.0
has_pg_sleep,0.0
 &,0.0
has_group_by,0.0
" ""s",0.0
" "";",0.0
count_slashstar,0.0
count_starslash,0.0
count_||,0.0
" "")",0.0
has_multiple_queries,0.0
yda,0.0
y--,0.0
x#,0.0
xc,0.0
x',0.0
x's,0.0
x(r,0.0
x),0.0
x) ,0.0
x)#,0.0
x)-,0.0
x-,0.0
x--,0.0
x28,0.0
x6,0.0
x61,0.0
x=x,0.0
x=y,0.0
xe ,0.0
y-,0.0
xie,0.0
xis,0.0
xw,0.0
xws,0.0
 'p,0.0
y#,0.0
y# ,0.0
y',0.0
y'),0.0
y's,0.0
y),0.0
y) ,0.0
y)#,0.0
y)-,0.0
st1,0.0
st',0.0
st ,0.0
r/,0.0
ql/,0.0
ql_,0.0
qli,0.0
r(),0.0
r(h,0.0
r),0.0
r)>,0.0
"r,",0.0
"r, ",0.0
"r,p",0.0
r-,0.0
r--,0.0
r.,0.0
r.f,0.0
r/l,0.0
ql,0.0
r=,0.0
 0,0.0
ral,0.0
rd ,0.0
rd',0.0
rd),0.0
"rd,",0.0
rd1,0.0
rd=,0.0
 -),0.0
 - ,0.0
re_,0.0
ma.,0.0
rf,0.0
ql.,0.0
qip,0.0
rin,0.0
p's,0.0
oo,0.0
oot,0.0
op,0.0
op ,0.0
orm,0.0
os,0.0
"os,",0.0
ost,0.0
ot',0.0
oup,0.0
ox,0.0
oxi,0.0
p ,0.0
p',0.0
p),0.0
qi,0.0
p) ,0.0
p)#,0.0
p)-,0.0
p_,0.0
p_c,0.0
pdi,0.0
pe,0.0
per,0.0
pg,0.0
pg_,0.0
pil,0.0
ppe,0.0
 0x,0.0
q,0.0
rfo,0.0
riv,0.0
sql,0.0
s_,0.0
s't,0.0
s'u,0.0
s'w,0.0
s'x,0.0
s'y,0.0
s(,0.0
s(s,0.0
s) ,0.0
s)-,0.0
s)>,0.0
"s,",0.0
"s, ",0.0
s-,0.0
s=,0.0
sch,0.0
s'r,0.0
sci,0.0
se ,0.0
se',0.0
se(,0.0
sec,0.0
sed,0.0
 )),0.0
 ) ,0.0
sh,0.0
sha,0.0
 ),0.0
so,0.0
soc,0.0
sq,0.0
s's,0.0
s'p,0.0
rl,0.0
rx,0.0
rli,0.0
rm,0.0
rm',0.0
 +b,0.0
roo,0.0
rop,0.0
rot,0.0
rou,0.0
rox,0.0
rr,0.0
rre,0.0
rs',0.0
rs),0.0
rs_,0.0
rxe,0.0
s'i,0.0
"s""",0.0
"s"" ",0.0
"s""*",0.0
 +,0.0
"s'""",0.0
s'',0.0
"s',",0.0
s'/,0.0
s':,0.0
s';,0.0
s'\,0.0
s'c,0.0
s'd,0.0
s'g,0.0
ma=,0.0
gt,0.0
"ma,",0.0
/*,0.0
/p,0.0
/my,0.0
/m,0.0
/li,0.0
/l,0.0
/et,0.0
/*',0.0
/ ,0.0
/u,0.0
.us,0.0
.u,0.0
.ta,0.0
.t,0.0
.sc,0.0
.s,0.0
.pr,0.0
/pa,0.0
/us,0.0
.n.,0.0
12,0.0
28,0.0
23',0.0
23,0.0
2,0.0
164,0.0
16,0.0
123,0.0
1(n,0.0
/v,0.0
1(,0.0
1,0.0
0x6,0.0
0x2,0.0
0x,0.0
0,0.0
/va,0.0
.p,0.0
.n',0.0
3,0.0
",ho",0.0
",s",0.0
",pa",0.0
",p",0.0
",n)",0.0
",n ",0.0
",n",0.0
",md",0.0
",h",0.0
",t",0.0
",co",0.0
",c",0.0
+be,0.0
+b,0.0
+',0.0
+ ,0.0
+,0.0
",sh",0.0
",ta",0.0
.n,0.0
--',0.0
.fr,0.0
.f,0.0
.db,0.0
.d,0.0
.co,0.0
.c,0.0
.,0.0
 sy,0.0
",u",0.0
-) ,0.0
-),0.0
-'),0.0
-',0.0
 ta,0.0
 th,0.0
",up",0.0
28 ,0.0
3',0.0
*/,0.0
@@,0.0
@@p,0.0
@@l,0.0
@@i,0.0
@@h,0.0
@@g,0.0
@@d,0.0
@@b,0.0
@,0.0
@@t,0.0
>n-,0.0
>n),0.0
>n,0.0
 rl,0.0
=y-,0.0
=y),0.0
=y#,0.0
@@s,0.0
@@v,0.0
=y,0.0
@l,0.0
@sq,0.0
@so,0.0
@se,0.0
@s,0.0
@pr,0.0
@p,0.0
@lo,0.0
@in,0.0
@b,0.0
@i,0.0
@h,0.0
@ge,0.0
@g,0.0
@da,0.0
@d,0.0
@ba,0.0
=y ,0.0
=x-,0.0
3's,0.0
696,0.0
9,0.0
8 ,0.0
8,0.0
6e ,0.0
6e,0.0
6d6,0.0
6d,0.0
69,0.0
96e,0.0
646,0.0
64,0.0
61,0.0
6,0.0
46d,0.0
46,0.0
4,0.0
96,0.0
:',0.0
=x),0.0
='v,0.0
=x#,0.0
=x ,0.0
=n-,0.0
=n',0.0
 sc,0.0
=li,0.0
=l,0.0
='n,0.0
:'s,0.0
='),0.0
"=""'",0.0
"="" ",0.0
"=""",0.0
 su,0.0
;w,0.0
;,0.0
*/ ,0.0
*'s,0.0
@t,0.0
'ab,0.0
'i,0.0
'g,0.0
'd',0.0
'd,0.0
'c',0.0
'c,0.0
'ad,0.0
'a',0.0
'm,0.0
'a,0.0
"'\""",0.0
'\,0.0
';w,0.0
';,0.0
':',0.0
':,0.0
'in,0.0
'm',0.0
'/e,0.0
 ve,0.0
'vr,0.0
'v,0.0
'us,0.0
'u,0.0
'tx,0.0
'ta,0.0
't,0.0
'ro,0.0
'my,0.0
'r,0.0
'pe,0.0
'pa,0.0
'p',0.0
'n.,0.0
'n-,0.0
'n',0.0
'/v,0.0
"',u",0.0
'w',0.0
"""s",0.0
&',0.0
&&',0.0
&,0.0
#),0.0
#'),0.0
#',0.0
"""s""",0.0
""";w",0.0
&s,0.0
"""*/",0.0
"""*",0.0
""");",0.0
"""))",0.0
""") ",0.0
"""')",0.0
"""'",0.0
&'s,0.0
&sl,0.0
"',n",0.0
 x,0.0
"', ",0.0
"',",0.0
')>,0.0
');,0.0
')-,0.0
"'),",0.0
')),0.0
''),0.0
 xc,0.0
'',0.0
'&&,0.0
'&,0.0
'#),0.0
"'""s",0.0
"'""",0.0
 x=,0.0
'w,0.0
'x,0.0
*',0.0
))),0.0
))e,0.0
))b,0.0
))>,0.0
))=,0.0
));,0.0
))-,0.0
")),",0.0
))#,0.0
)+,0.0
)&&,0.0
)&,0.0
)#),0.0
)#',0.0
 ty,0.0
(x=,0.0
(x,0.0
))y,0.0
"),",0.0
(wa,0.0
)>n,0.0
)yj,0.0
)y,0.0
)nq,0.0
)ec,0.0
)e,0.0
)ba,0.0
)b,0.0
)>,0.0
"), ",0.0
)=n,0.0
)=',0.0
")=""",0.0
);w,0.0
)/*,0.0
)/,0.0
"),n",0.0
(wh,0.0
(w,0.0
'x',0.0
((,0.0
(@,0.0
(+ ,0.0
(+,0.0
"(),",0.0
() ,0.0
(),0.0
((s,0.0
('n,0.0
(a,0.0
('\,0.0
('),0.0
"("")",0.0
"("" ",0.0
"(""",0.0
'y',0.0
'y,0.0
(@@,0.0
(as,0.0
(us,0.0
 un,0.0
(un,0.0
(u,0.0
(su,0.0
(ra,0.0
(r,0.0
(pa,0.0
(no,0.0
(li,0.0
(ca,0.0
(l,0.0
(i,0.0
(he,0.0
(ha,0.0
(h,0.0
(ex,0.0
(e,0.0
@sy,0.0
@ti,0.0
ma',0.0
gen,0.0
h(',0.0
h(,0.0
 da,0.0
gue,0.0
gth,0.0
gro,0.0
gr,0.0
ge,0.0
h(p,0.0
g_b,0.0
"g, ",0.0
"g,",0.0
g(p,0.0
g(@,0.0
g(',0.0
g(,0.0
h((,0.0
ha1,0.0
g',0.0
i(,0.0
ies,0.0
ie,0.0
ib/,0.0
ib,0.0
i) ,0.0
i),0.0
i(s,0.0
hos,0.0
hec,0.0
ho,0.0
hin,0.0
hi,0.0
hex,0.0
 cu,0.0
hen,0.0
hem,0.0
g's,0.0
fun,0.0
if(,0.0
er=,0.0
es_,0.0
es-,0.0
es),0.0
erf,0.0
 fu,0.0
era,0.0
 g,0.0
er.,0.0
 fo,0.0
er-,0.0
"er,",0.0
 gr,0.0
eng,0.0
end,0.0
em_,0.0
els,0.0
est,0.0
"et,",0.0
fu,0.0
fg',0.0
fs,0.0
 db,0.0
frm,0.0
 dr,0.0
 du,0.0
fil,0.0
fi,0.0
fg,0.0
etc,0.0
ffs,0.0
ff,0.0
f(n,0.0
f(,0.0
 el,0.0
ex(,0.0
 en,0.0
if,0.0
ii,0.0
efg,0.0
l_,0.0
len,0.0
le_,0.0
le(,0.0
le',0.0
l_v,0.0
l_m,0.0
l_l,0.0
l/u,0.0
 as,0.0
l/m,0.0
l/,0.0
l.u,0.0
l.t,0.0
l.p,0.0
l.d,0.0
l.c,0.0
lib,0.0
ll-,0.0
l--,0.0
lz ,0.0
ma ,0.0
m_u,0.0
m_t,0.0
m_,0.0
m's,0.0
m',0.0
lz',0.0
lz,0.0
loa,0.0
ly',0.0
ly ,0.0
ly,0.0
lum,0.0
lue,0.0
lse,0.0
ls_,0.0
l.,0.0
l-,0.0
ii(,0.0
ip,0.0
"iv,",0.0
iv,0.0
iti,0.0
ite,0.0
ist,0.0
"ir,",0.0
ip),0.0
int,0.0
j),0.0
inn,0.0
inf,0.0
ine,0.0
in_,0.0
"in,",0.0
ime,0.0
ile,0.0
iv-,0.0
j) ,0.0
l) ,0.0
ke(,0.0
l),0.0
l's,0.0
l',0.0
 ch,0.0
kly,0.0
kl),0.0
ket,0.0
k(,0.0
j)#,0.0
k ,0.0
joc,0.0
jo,0.0
jl,0.0
jec,0.0
j)-,0.0
j)),0.0
 if,0.0
ef,0.0
@tm,0.0
al ,0.0
asc,0.0
as ,0.0
ar/,0.0
anc,0.0
 of,0.0
alu,0.0
al_,0.0
ak,0.0
ast,0.0
ad_,0.0
ad',0.0
ach,0.0
abc,0.0
aba,0.0
ab,0.0
a_n,0.0
ase,0.0
at(,0.0
a=',0.0
b=',0.0
bi,0.0
bcd,0.0
bc,0.0
bak,0.0
ba,0.0
b_v,0.0
b_,0.0
b=,0.0
ata,0.0
b/m,0.0
b/,0.0
b--,0.0
b-,0.0
b ,0.0
" n,",0.0
ax,0.0
a_,0.0
a=,0.0
ble,0.0
_co,0.0
_na,0.0
_mo,0.0
_m,0.0
_lo,0.0
_l,0.0
_fi,0.0
_f,0.0
_c,0.0
_os,0.0
_bi,0.0
_b,0.0
"\"")",0.0
"\""'",0.0
"\""",0.0
@ve,0.0
@v,0.0
_o,0.0
_t,0.0
a1(,0.0
a's,0.0
a1,0.0
a.s,0.0
a.c,0.0
a--,0.0
a-,0.0
"a,t",0.0
"a, ",0.0
a',0.0
_ti,0.0
a ,0.0
_zo,0.0
_z,0.0
_ve,0.0
_v,0.0
_us,0.0
_u,0.0
bin,0.0
blo,0.0
edi,0.0
dr,0.0
e(',0.0
"e(""",0.0
e's,0.0
e',0.0
dua,0.0
ds_,0.0
dro,0.0
dir,0.0
e(+,0.0
di,0.0
def,0.0
"de,",0.0
db_,0.0
db=,0.0
db-,0.0
db ,0.0
e(),0.0
e(a,0.0
d_f,0.0
e_n,0.0
ecu,0.0
eck,0.0
 le,0.0
e_z,0.0
e_s,0.0
e_p,0.0
e_o,0.0
e_m,0.0
e(h,0.0
e_f,0.0
"e,c",0.0
e(w,0.0
e(u,0.0
e(s,0.0
e(o,0.0
e(n,0.0
db,0.0
d=',0.0
c',0.0
cde,0.0
ck,0.0
cjl,0.0
cj,0.0
cii,0.0
ci,0.0
chi,0.0
ce_,0.0
cd,0.0
cke,0.0
cat,0.0
cas,0.0
c/p,0.0
c/,0.0
c) ,0.0
c),0.0
c's,0.0
ck ,0.0
cm,0.0
d=,0.0
d),0.0
d69,0.0
d6,0.0
d1,0.0
"d,n",0.0
"d,h",0.0
d)),0.0
d) ,0.0
d's,0.0
cmj,0.0
cur,0.0
cu,0.0
ctx,0.0
 my,0.0
con,0.0
com,0.0
col,0.0
ene,0.0
